{
    "$schema": "https://schema.management.azure.com/schemas/2015-01-01/deploymentParameters.json#",
    "contentVersion": "1.0.0.0",
    "parameters": {
        "workbooks_5cb97b60_e346_4289_89a4_32cc8442903e_serializedData": {
            "value": null
        },
        "virtualMachines_honeypotVM_name": {
            "value": null
        },
        "publicIPAddresses_honeypotVM_ip_name": {
            "value": null
        },
        "virtualNetworks_honeypotVM_vnet_name": {
            "value": null
        },
        "networkInterfaces_honeypotvm529_z1_name": {
            "value": null
        },
        "workspaces_lawhoneypot_name": {
            "value": null
        },
        "workspaces_lawshoneypot_name": {
            "value": null
        },
        "networkSecurityGroups_honeypotVM_nsg_name": {
            "value": null
        },
        "solutions_Security_lawhoneypot__name": {
            "value": null
        },
        "workbooks_5cb97b60_e346_4289_89a4_32cc8442903e_name": {
            "value": null
        },
        "solutions_SecurityInsights_lawhoneypot__name": {
            "value": null
        },
        "solutions_SecurityInsights_lawshoneypot__name": {
            "value": null
        },
        "solutions_SecurityCenterFree_lawhoneypot__name": {
            "value": null
        },
        "solutions_SecurityCenterFree_lawshoneypot__name": {
            "value": null
        },
        "solutions_SQLVulnerabilityAssessment_lawhoneypot__name": {
            "value": null
        },
        "solutions_SQLAdvancedThreatProtection_lawhoneypot__name": {
            "value": null
        }
    }
}